"DataSet","Location_ID","UpperDepth","LowerDepth","OrigPropertyCode","ObservedProperty","Value","Units"
"QLDGovernment","SPFD_3_1",0,0.1,"10A1","10A1","0.0200","%"
"QLDGovernment","SPFD_3_1",0,0.1,"10B3","10B3","8","mg/kg"
"QLDGovernment","SPFD_3_1",0,0.1,"15C1_Ca",NA,"4.2300","None"
"QLDGovernment","SPFD_3_1",0,0.1,"15C1_CEC","15C1_CEC","16","meq/100g"
"QLDGovernment","SPFD_3_1",0,0.1,"15C1_K","15C1_K","0.3100","meq/100g"
"QLDGovernment","SPFD_3_1",0,0.1,"15C1_Mg",NA,"6.1700","None"
"QLDGovernment","SPFD_3_1",0,0.1,"15C1_Na",NA,"0.5300","None"
"QLDGovernment","SPFD_3_1",0,0.1,"15N1","15N1","3.3000","%"
"QLDGovernment","SPFD_3_1",0,0.1,"17A1","17A1","0.1600","%"
"QLDGovernment","SPFD_3_1",0,0.1,"18B1","18B1","0.3000","mg/kg"
"QLDGovernment","SPFD_3_1",0,0.1,"2A1","2A1","1.6000","%"
"QLDGovernment","SPFD_3_1",0,0.1,"2E1","2E1","9.3000","NA"
"QLDGovernment","SPFD_3_1",0,0.1,"2Z1_R1","2Z1_R1","0.5200","NA"
"QLDGovernment","SPFD_3_1",0,0.1,"2Z2_Clay","2Z2_Clay","24","%"
"QLDGovernment","SPFD_3_1",0,0.1,"2Z2_CS","2Z2_CS","21","%"
"QLDGovernment","SPFD_3_1",0,0.1,"2Z2_FS","2Z2_FS","44","%"
"QLDGovernment","SPFD_3_1",0,0.1,"2Z2_Silt","2Z2_Silt","13","%"
"QLDGovernment","SPFD_3_1",0,0.1,"2Z2_sum",NA,"102","None"
"QLDGovernment","SPFD_3_1",0,0.1,"3A1","3A1","0.0300","dS/m"
"QLDGovernment","SPFD_3_1",0,0.1,"4A1","4A1","6.4000","NA"
"QLDGovernment","SPFD_3_1",0,0.1,"5A2","5A2","20","mg/kg"
"QLDGovernment","SPFD_3_1",0,0.1,"6A1","6A1","1.1000","%"
"QLDGovernment","SPFD_3_1",0,0.1,"7A2","7A2","0.0900","%"
"QLDGovernment","SPFD_3_1",0,0.1,"7B1","7B1","2","mg/kg"
"QLDGovernment","SPFD_3_1",0,0.1,"9A1","9A1","0.0300","%"
"QLDGovernment","SPFD_3_1",0,0.1,"9B2","9B2","4","mg/kg"
"QLDGovernment","SPFD_3_1",0,0.1,"9G2","9G2","13","mg/kg"
"QLDGovernment","SPFD_3_1",0.2,0.3,"10A1","10A1","0.0200","%"
"QLDGovernment","SPFD_3_1",0.2,0.3,"10B3","10B3","22","mg/kg"
"QLDGovernment","SPFD_3_1",0.2,0.3,"15C1_Ca",NA,"7.2300","None"
"QLDGovernment","SPFD_3_1",0.2,0.3,"15C1_CEC","15C1_CEC","31","meq/100g"
"QLDGovernment","SPFD_3_1",0.2,0.3,"15C1_K","15C1_K","0.1700","meq/100g"
"QLDGovernment","SPFD_3_1",0.2,0.3,"15C1_Mg",NA,"15.7700","None"
"QLDGovernment","SPFD_3_1",0.2,0.3,"15C1_Na",NA,"3.9500","None"
"QLDGovernment","SPFD_3_1",0.2,0.3,"15N1","15N1","12.7000","%"
"QLDGovernment","SPFD_3_1",0.2,0.3,"17A1","17A1","0.1800","%"
"QLDGovernment","SPFD_3_1",0.2,0.3,"18B1","18B1","0.1500","mg/kg"
"QLDGovernment","SPFD_3_1",0.2,0.3,"2A1","2A1","3.7000","%"
"QLDGovernment","SPFD_3_1",0.2,0.3,"2E1","2E1","21.7000","NA"
"QLDGovernment","SPFD_3_1",0.2,0.3,"2Z1_R1","2Z1_R1","0.6600","NA"
"QLDGovernment","SPFD_3_1",0.2,0.3,"2Z2_Clay","2Z2_Clay","52","%"
"QLDGovernment","SPFD_3_1",0.2,0.3,"2Z2_CS","2Z2_CS","13","%"
"QLDGovernment","SPFD_3_1",0.2,0.3,"2Z2_FS","2Z2_FS","26","%"
"QLDGovernment","SPFD_3_1",0.2,0.3,"2Z2_Silt","2Z2_Silt","9","%"
"QLDGovernment","SPFD_3_1",0.2,0.3,"2Z2_sum",NA,"100","None"
"QLDGovernment","SPFD_3_1",0.2,0.3,"3A1","3A1","0.3200","dS/m"
"QLDGovernment","SPFD_3_1",0.2,0.3,"4A1","4A1","7.6000","NA"
"QLDGovernment","SPFD_3_1",0.2,0.3,"5A2","5A2","410","mg/kg"
"QLDGovernment","SPFD_3_1",0.2,0.3,"6A1","6A1","0.8000","%"
"QLDGovernment","SPFD_3_1",0.2,0.3,"7A2","7A2","0.0600","%"
"QLDGovernment","SPFD_3_1",0.2,0.3,"9A1","9A1","0.0100","%"
"QLDGovernment","SPFD_3_1",0.2,0.3,"9B2","9B2","16","mg/kg"
"QLDGovernment","SPFD_3_1",0.2,0.3,"9G2","9G2","2","mg/kg"
"QLDGovernment","SPFD_3_1",0.5,0.6,"10A1","10A1","0.0200","%"
"QLDGovernment","SPFD_3_1",0.5,0.6,"10B3","10B3","39","mg/kg"
"QLDGovernment","SPFD_3_1",0.5,0.6,"15C1_Ca",NA,"5.8500","None"
"QLDGovernment","SPFD_3_1",0.5,0.6,"15C1_CEC","15C1_CEC","27","meq/100g"
"QLDGovernment","SPFD_3_1",0.5,0.6,"15C1_K","15C1_K","0.1500","meq/100g"
"QLDGovernment","SPFD_3_1",0.5,0.6,"15C1_Mg",NA,"17.7800","None"
"QLDGovernment","SPFD_3_1",0.5,0.6,"15C1_Na",NA,"5.5100","None"
"QLDGovernment","SPFD_3_1",0.5,0.6,"15N1","15N1","20.4000","%"
"QLDGovernment","SPFD_3_1",0.5,0.6,"17A1","17A1","0.1600","%"
"QLDGovernment","SPFD_3_1",0.5,0.6,"18B1","18B1","0.1100","mg/kg"
"QLDGovernment","SPFD_3_1",0.5,0.6,"2A1","2A1","3.4000","%"
"QLDGovernment","SPFD_3_1",0.5,0.6,"2E1","2E1","19.5000","NA"
"QLDGovernment","SPFD_3_1",0.5,0.6,"2Z1_R1","2Z1_R1","0.8100","NA"
"QLDGovernment","SPFD_3_1",0.5,0.6,"2Z2_Clay","2Z2_Clay","45","%"
"QLDGovernment","SPFD_3_1",0.5,0.6,"2Z2_CS","2Z2_CS","16","%"
"QLDGovernment","SPFD_3_1",0.5,0.6,"2Z2_FS","2Z2_FS","30","%"
"QLDGovernment","SPFD_3_1",0.5,0.6,"2Z2_Silt","2Z2_Silt","11","%"
"QLDGovernment","SPFD_3_1",0.5,0.6,"2Z2_sum",NA,"102","None"
"QLDGovernment","SPFD_3_1",0.5,0.6,"3A1","3A1","0.9300","dS/m"
"QLDGovernment","SPFD_3_1",0.5,0.6,"4A1","4A1","8.8000","NA"
"QLDGovernment","SPFD_3_1",0.5,0.6,"5A2","5A2","1170","mg/kg"
"QLDGovernment","SPFD_3_1",0.5,0.6,"6A1","6A1","0.4000","%"
"QLDGovernment","SPFD_3_1",0.5,0.6,"7A2","7A2","0.0200","%"
"QLDGovernment","SPFD_3_1",0.5,0.6,"7B1","7B1","1","mg/kg"
"QLDGovernment","SPFD_3_1",0.5,0.6,"9A1","9A1","0.0100","%"
"QLDGovernment","SPFD_3_1",0.5,0.6,"9B2","9B2","15","mg/kg"
"QLDGovernment","SPFD_3_1",0.5,0.6,"9G2","9G2","2","mg/kg"
"QLDGovernment","SPFD_3_1",0.8,0.9,"10A1","10A1","0.0200","%"
"QLDGovernment","SPFD_3_1",0.8,0.9,"10B3","10B3","35","mg/kg"
"QLDGovernment","SPFD_3_1",0.8,0.9,"15C1_Ca",NA,"6.6000","None"
"QLDGovernment","SPFD_3_1",0.8,0.9,"15C1_CEC","15C1_CEC","28","meq/100g"
"QLDGovernment","SPFD_3_1",0.8,0.9,"15C1_K","15C1_K","0.1900","meq/100g"
"QLDGovernment","SPFD_3_1",0.8,0.9,"15C1_Mg",NA,"19.9700","None"
"QLDGovernment","SPFD_3_1",0.8,0.9,"15C1_Na",NA,"5.9400","None"
"QLDGovernment","SPFD_3_1",0.8,0.9,"15N1","15N1","21.2000","%"
"QLDGovernment","SPFD_3_1",0.8,0.9,"17A1","17A1","0.1700","%"
"QLDGovernment","SPFD_3_1",0.8,0.9,"18B1","18B1","0.1300","mg/kg"
"QLDGovernment","SPFD_3_1",0.8,0.9,"2A1","2A1","3","%"
"QLDGovernment","SPFD_3_1",0.8,0.9,"2E1","2E1","20.3000","NA"
"QLDGovernment","SPFD_3_1",0.8,0.9,"2Z1_R1","2Z1_R1","0.8500","NA"
"QLDGovernment","SPFD_3_1",0.8,0.9,"2Z2_Clay","2Z2_Clay","48","%"
"QLDGovernment","SPFD_3_1",0.8,0.9,"2Z2_CS","2Z2_CS","15","%"
"QLDGovernment","SPFD_3_1",0.8,0.9,"2Z2_FS","2Z2_FS","29","%"
"QLDGovernment","SPFD_3_1",0.8,0.9,"2Z2_Silt","2Z2_Silt","9","%"
"QLDGovernment","SPFD_3_1",0.8,0.9,"2Z2_sum",NA,"101","None"
"QLDGovernment","SPFD_3_1",0.8,0.9,"3A1","3A1","0.9700","dS/m"
"QLDGovernment","SPFD_3_1",0.8,0.9,"4A1","4A1","9","NA"
"QLDGovernment","SPFD_3_1",0.8,0.9,"5A2","5A2","1160","mg/kg"
"QLDGovernment","SPFD_3_1",0.8,0.9,"6A1","6A1","0.3000","%"
"QLDGovernment","SPFD_3_1",0.8,0.9,"7A2","7A2","0.0100","%"
"QLDGovernment","SPFD_3_1",0.8,0.9,"7B1","7B1","1","mg/kg"
"QLDGovernment","SPFD_3_1",0.8,0.9,"9A1","9A1","0.0100","%"
"QLDGovernment","SPFD_3_1",0.8,0.9,"9B2","9B2","3","mg/kg"
"QLDGovernment","SPFD_3_1",0.8,0.9,"9G2","9G2","2","mg/kg"
"QLDGovernment","SPFD_3_1",1.1,1.2,"10A1","10A1","0.0100","%"
"QLDGovernment","SPFD_3_1",1.1,1.2,"10B3","10B3","24","mg/kg"
"QLDGovernment","SPFD_3_1",1.1,1.2,"15C1_Ca",NA,"6.0800","None"
"QLDGovernment","SPFD_3_1",1.1,1.2,"15C1_CEC","15C1_CEC","32","meq/100g"
"QLDGovernment","SPFD_3_1",1.1,1.2,"15C1_K","15C1_K","0.1700","meq/100g"
"QLDGovernment","SPFD_3_1",1.1,1.2,"15C1_Mg",NA,"19.6600","None"
"QLDGovernment","SPFD_3_1",1.1,1.2,"15C1_Na",NA,"6.6500","None"
"QLDGovernment","SPFD_3_1",1.1,1.2,"15N1","15N1","20.8000","%"
"QLDGovernment","SPFD_3_1",1.1,1.2,"17A1","17A1","0.1800","%"
"QLDGovernment","SPFD_3_1",1.1,1.2,"18B1","18B1","0.1400","mg/kg"
"QLDGovernment","SPFD_3_1",1.1,1.2,"2A1","2A1","3","%"
"QLDGovernment","SPFD_3_1",1.1,1.2,"2E1","2E1","20","NA"
"QLDGovernment","SPFD_3_1",1.1,1.2,"2Z1_R1","2Z1_R1","0.5400","NA"
"QLDGovernment","SPFD_3_1",1.1,1.2,"2Z2_Clay","2Z2_Clay","48","%"
"QLDGovernment","SPFD_3_1",1.1,1.2,"2Z2_CS","2Z2_CS","13","%"
"QLDGovernment","SPFD_3_1",1.1,1.2,"2Z2_FS","2Z2_FS","29","%"
"QLDGovernment","SPFD_3_1",1.1,1.2,"2Z2_Silt","2Z2_Silt","12","%"
"QLDGovernment","SPFD_3_1",1.1,1.2,"2Z2_sum",NA,"102","None"
"QLDGovernment","SPFD_3_1",1.1,1.2,"3A1","3A1","1.0500","dS/m"
"QLDGovernment","SPFD_3_1",1.1,1.2,"4A1","4A1","8.9000","NA"
"QLDGovernment","SPFD_3_1",1.1,1.2,"5A2","5A2","1300","mg/kg"
"QLDGovernment","SPFD_3_1",1.1,1.2,"6A1","6A1","0.3000","%"
"QLDGovernment","SPFD_3_1",1.1,1.2,"7A2","7A2","0.0100","%"
"QLDGovernment","SPFD_3_1",1.1,1.2,"7B1","7B1","1","mg/kg"
"QLDGovernment","SPFD_3_1",1.1,1.2,"9A1","9A1","0.0100","%"
"QLDGovernment","SPFD_3_1",1.1,1.2,"9B2","9B2","2","mg/kg"
"QLDGovernment","SPFD_3_1",1.1,1.2,"9G2","9G2","4","mg/kg"
"QLDGovernment","SPFD_3_1",1.4,1.5,"10A1","10A1","0.0100","%"
"QLDGovernment","SPFD_3_1",1.4,1.5,"10B3","10B3","18","mg/kg"
"QLDGovernment","SPFD_3_1",1.4,1.5,"15C1_Ca",NA,"4.1000","None"
"QLDGovernment","SPFD_3_1",1.4,1.5,"15C1_CEC","15C1_CEC","30","meq/100g"
"QLDGovernment","SPFD_3_1",1.4,1.5,"15C1_K","15C1_K","0.1400","meq/100g"
"QLDGovernment","SPFD_3_1",1.4,1.5,"15C1_Mg",NA,"17.6000","None"
"QLDGovernment","SPFD_3_1",1.4,1.5,"15C1_Na",NA,"6.5100","None"
"QLDGovernment","SPFD_3_1",1.4,1.5,"15N1","15N1","21.7000","%"
"QLDGovernment","SPFD_3_1",1.4,1.5,"17A1","17A1","0.1600","%"
"QLDGovernment","SPFD_3_1",1.4,1.5,"18B1","18B1","0.1500","mg/kg"
"QLDGovernment","SPFD_3_1",1.4,1.5,"2A1","2A1","3.7000","%"
"QLDGovernment","SPFD_3_1",1.4,1.5,"2E1","2E1","19.5000","NA"
"QLDGovernment","SPFD_3_1",1.4,1.5,"2Z1_R1","2Z1_R1","0.9100","NA"
"QLDGovernment","SPFD_3_1",1.4,1.5,"2Z2_Clay","2Z2_Clay","49","%"
"QLDGovernment","SPFD_3_1",1.4,1.5,"2Z2_CS","2Z2_CS","14","%"
"QLDGovernment","SPFD_3_1",1.4,1.5,"2Z2_FS","2Z2_FS","30","%"
"QLDGovernment","SPFD_3_1",1.4,1.5,"2Z2_Silt","2Z2_Silt","11","%"
"QLDGovernment","SPFD_3_1",1.4,1.5,"2Z2_sum",NA,"104","None"
"QLDGovernment","SPFD_3_1",1.4,1.5,"3A1","3A1","0.8700","dS/m"
"QLDGovernment","SPFD_3_1",1.4,1.5,"4A1","4A1","8","NA"
"QLDGovernment","SPFD_3_1",1.4,1.5,"5A2","5A2","1260","mg/kg"
"QLDGovernment","SPFD_3_1",1.4,1.5,"6A1","6A1","0.2000","%"
"QLDGovernment","SPFD_3_1",1.4,1.5,"7A2","7A2","0.0100","%"
"QLDGovernment","SPFD_3_1",1.4,1.5,"7B1","7B1","1","mg/kg"
"QLDGovernment","SPFD_3_1",1.4,1.5,"9A1","9A1","0.0090","%"
"QLDGovernment","SPFD_3_1",1.4,1.5,"9B2","9B2","3","mg/kg"
"QLDGovernment","SPFD_3_1",1.4,1.5,"9G2","9G2","5","mg/kg"
"QLDGovernment","SALTS_99_1",0,0.08,"3A1","3A1","0.2700","dS/m"
"QLDGovernment","SALTS_99_1",0,0.08,"4A1","4A1","5.7000","NA"
"QLDGovernment","SALTS_99_1",0,0.08,"5A2","5A2","117","mg/kg"
"QLDGovernment","SALTS_99_1",0,0.08,"7B1","7B1","91","mg/kg"
"QLDGovernment","SALTS_99_1",0.2,0.3,"3A1","3A1","0.2800","dS/m"
"QLDGovernment","SALTS_99_1",0.2,0.3,"4A1","4A1","7.4000","NA"
"QLDGovernment","SALTS_99_1",0.2,0.3,"5A2","5A2","244","mg/kg"
"QLDGovernment","SALTS_99_1",0.2,0.3,"7B1","7B1","21","mg/kg"
"QLDGovernment","SALTS_99_1",0.5,0.6,"3A1","3A1","0.5900","dS/m"
"QLDGovernment","SALTS_99_1",0.5,0.6,"4A1","4A1","9","NA"
"QLDGovernment","SALTS_99_1",0.5,0.6,"5A2","5A2","474","mg/kg"
"QLDGovernment","SALTS_99_1",0.5,0.6,"7B1","7B1","4","mg/kg"
"QLDGovernment","SALTS_99_1",0.8,0.9,"3A1","3A1","0.7700","dS/m"
"QLDGovernment","SALTS_99_1",0.8,0.9,"4A1","4A1","8.9000","NA"
"QLDGovernment","SALTS_99_1",0.8,0.9,"5A2","5A2","808","mg/kg"
"QLDGovernment","SALTS_99_1",0.8,0.9,"7B1","7B1","1","mg/kg"
"QLDGovernment","SALTS_99_1",1.1,1.2,"3A1","3A1","0.9000","dS/m"
"QLDGovernment","SALTS_99_1",1.1,1.2,"4A1","4A1","8.8000","NA"
"QLDGovernment","SALTS_99_1",1.1,1.2,"5A2","5A2","1020","mg/kg"
"QLDGovernment","SALTS_99_1",1.1,1.2,"7B1","7B1","2","mg/kg"
"QLDGovernment","SALTS_99_1",1.4,1.5,"3A1","3A1","0.8600","dS/m"
"QLDGovernment","SALTS_99_1",1.4,1.5,"4A1","4A1","8.9000","NA"
"QLDGovernment","SALTS_99_1",1.4,1.5,"5A2","5A2","927","mg/kg"
"QLDGovernment","SALTS_99_1",1.4,1.5,"7B1","7B1","2","mg/kg"
"QLDGovernment","SBT_9038_1",0,0.1,"10A1","10A1","0.0600","%"
"QLDGovernment","SBT_9038_1",0,0.1,"15C1_Ca",NA,"1.7000","None"
"QLDGovernment","SBT_9038_1",0,0.1,"15C1_CEC","15C1_CEC","25","meq/100g"
"QLDGovernment","SBT_9038_1",0,0.1,"15C1_K","15C1_K","0.7800","meq/100g"
"QLDGovernment","SBT_9038_1",0,0.1,"15C1_Mg",NA,"1.3000","None"
"QLDGovernment","SBT_9038_1",0,0.1,"15C1_Na",NA,"0.6500","None"
"QLDGovernment","SBT_9038_1",0,0.1,"17A1","17A1","0.0610","%"
"QLDGovernment","SBT_9038_1",0,0.1,"2A1","2A1","2.9000","%"
"QLDGovernment","SBT_9038_1",0,0.1,"2E1","2E1","11","NA"
"QLDGovernment","SBT_9038_1",0,0.1,"2Z1_R1","2Z1_R1","0.4200","NA"
"QLDGovernment","SBT_9038_1",0,0.1,"2Z2_Clay","2Z2_Clay","18","%"
"QLDGovernment","SBT_9038_1",0,0.1,"2Z2_CS","2Z2_CS","38","%"
"QLDGovernment","SBT_9038_1",0,0.1,"2Z2_FS","2Z2_FS","35","%"
"QLDGovernment","SBT_9038_1",0,0.1,"2Z2_Silt","2Z2_Silt","8","%"
"QLDGovernment","SBT_9038_1",0,0.1,"3A1","3A1","0.0400","dS/m"
"QLDGovernment","SBT_9038_1",0,0.1,"4A1","4A1","6","NA"
"QLDGovernment","SBT_9038_1",0,0.1,"4B1","4B1","5.1000","NA"
"QLDGovernment","SBT_9038_1",0,0.1,"5A2","5A2","20","mg/kg"
"QLDGovernment","SBT_9038_1",0,0.1,"9A1","9A1","0.0730","%"
"QLDGovernment","SBT_9038_1",0.2,0.3,"10A1","10A1","0.0400","%"
"QLDGovernment","SBT_9038_1",0.2,0.3,"15C1_Ca",NA,"1.3000","None"
"QLDGovernment","SBT_9038_1",0.2,0.3,"15C1_CEC","15C1_CEC","21","meq/100g"
"QLDGovernment","SBT_9038_1",0.2,0.3,"15C1_K","15C1_K","0.1300","meq/100g"
"QLDGovernment","SBT_9038_1",0.2,0.3,"15C1_Mg",NA,"1.6000","None"
"QLDGovernment","SBT_9038_1",0.2,0.3,"15C1_Na",NA,"0.0800","None"
"QLDGovernment","SBT_9038_1",0.2,0.3,"17A1","17A1","0.0190","%"
"QLDGovernment","SBT_9038_1",0.2,0.3,"2A1","2A1","2.9000","%"
"QLDGovernment","SBT_9038_1",0.2,0.3,"2E1","2E1","11","NA"
"QLDGovernment","SBT_9038_1",0.2,0.3,"2Z1_R1","2Z1_R1","0.2300","NA"
"QLDGovernment","SBT_9038_1",0.2,0.3,"2Z2_Clay","2Z2_Clay","18","%"
"QLDGovernment","SBT_9038_1",0.2,0.3,"2Z2_CS","2Z2_CS","32","%"
"QLDGovernment","SBT_9038_1",0.2,0.3,"2Z2_FS","2Z2_FS","40","%"
"QLDGovernment","SBT_9038_1",0.2,0.3,"2Z2_Silt","2Z2_Silt","14","%"
"QLDGovernment","SBT_9038_1",0.2,0.3,"3A1","3A1","0.0200","dS/m"
"QLDGovernment","SBT_9038_1",0.2,0.3,"4A1","4A1","6.2000","NA"
"QLDGovernment","SBT_9038_1",0.2,0.3,"4B1","4B1","5.4000","NA"
"QLDGovernment","SBT_9038_1",0.2,0.3,"5A2","5A2","20","mg/kg"
"QLDGovernment","SBT_9038_1",0.2,0.3,"9A1","9A1","0.0370","%"
"QLDGovernment","SBT_9038_1",0.5,0.6,"10A1","10A1","0.0100","%"
"QLDGovernment","SBT_9038_1",0.5,0.6,"15C1_Ca",NA,"3.2000","None"
"QLDGovernment","SBT_9038_1",0.5,0.6,"15C1_CEC","15C1_CEC","10","meq/100g"
"QLDGovernment","SBT_9038_1",0.5,0.6,"15C1_K","15C1_K","0.0600","meq/100g"
"QLDGovernment","SBT_9038_1",0.5,0.6,"15C1_Mg",NA,"2.6000","None"
"QLDGovernment","SBT_9038_1",0.5,0.6,"15C1_Na",NA,"0.1000","None"
"QLDGovernment","SBT_9038_1",0.5,0.6,"17A1","17A1","0.0230","%"
"QLDGovernment","SBT_9038_1",0.5,0.6,"2A1","2A1","1.5000","%"
"QLDGovernment","SBT_9038_1",0.5,0.6,"2E1","2E1","11","NA"
"QLDGovernment","SBT_9038_1",0.5,0.6,"2Z1_R1","2Z1_R1","0.2800","NA"
"QLDGovernment","SBT_9038_1",0.5,0.6,"2Z2_Clay","2Z2_Clay","20","%"
"QLDGovernment","SBT_9038_1",0.5,0.6,"2Z2_CS","2Z2_CS","33","%"
"QLDGovernment","SBT_9038_1",0.5,0.6,"2Z2_FS","2Z2_FS","42","%"
"QLDGovernment","SBT_9038_1",0.5,0.6,"2Z2_Silt","2Z2_Silt","7","%"
"QLDGovernment","SBT_9038_1",0.5,0.6,"3A1","3A1","0.0100","dS/m"
"QLDGovernment","SBT_9038_1",0.5,0.6,"4A1","4A1","6.4000","NA"
"QLDGovernment","SBT_9038_1",0.5,0.6,"4B1","4B1","5.6000","NA"
"QLDGovernment","SBT_9038_1",0.5,0.6,"5A2","5A2","20","mg/kg"
"QLDGovernment","SBT_9038_1",0.5,0.6,"9A1","9A1","0.0160","%"
"QLDGovernment","SBT_9038_1",0.8,0.9,"10A1","10A1","0.0100","%"
"QLDGovernment","SBT_9038_1",0.8,0.9,"15C1_Ca",NA,"3.2000","None"
"QLDGovernment","SBT_9038_1",0.8,0.9,"15C1_CEC","15C1_CEC","8","meq/100g"
"QLDGovernment","SBT_9038_1",0.8,0.9,"15C1_K","15C1_K","0.0400","meq/100g"
"QLDGovernment","SBT_9038_1",0.8,0.9,"15C1_Mg",NA,"3.2000","None"
"QLDGovernment","SBT_9038_1",0.8,0.9,"15C1_Na",NA,"0.1100","None"
"QLDGovernment","SBT_9038_1",0.8,0.9,"17A1","17A1","0.0230","%"
"QLDGovernment","SBT_9038_1",0.8,0.9,"2A1","2A1","1.5000","%"
"QLDGovernment","SBT_9038_1",0.8,0.9,"2E1","2E1","11","NA"
"QLDGovernment","SBT_9038_1",0.8,0.9,"2Z1_R1","2Z1_R1","0.2800","NA"
"QLDGovernment","SBT_9038_1",0.8,0.9,"2Z2_Clay","2Z2_Clay","33","%"
"QLDGovernment","SBT_9038_1",0.8,0.9,"2Z2_CS","2Z2_CS","30","%"
"QLDGovernment","SBT_9038_1",0.8,0.9,"2Z2_FS","2Z2_FS","32","%"
"QLDGovernment","SBT_9038_1",0.8,0.9,"2Z2_Silt","2Z2_Silt","6","%"
"QLDGovernment","SBT_9038_1",0.8,0.9,"3A1","3A1","0.0100","dS/m"
"QLDGovernment","SBT_9038_1",0.8,0.9,"4A1","4A1","6.4000","NA"
"QLDGovernment","SBT_9038_1",0.8,0.9,"4B1","4B1","6.4000","NA"
"QLDGovernment","SBT_9038_1",0.8,0.9,"5A2","5A2","20","mg/kg"
"QLDGovernment","SBT_9038_1",0.8,0.9,"9A1","9A1","0.0160","%"
"QLDGovernment","SBT_9038_1",1.1,1.2,"10A1","10A1","0.0050","%"
"QLDGovernment","SBT_9038_1",1.1,1.2,"15C1_Ca",NA,"3.2000","None"
"QLDGovernment","SBT_9038_1",1.1,1.2,"15C1_CEC","15C1_CEC","7","meq/100g"
"QLDGovernment","SBT_9038_1",1.1,1.2,"15C1_K","15C1_K","0.0400","meq/100g"
"QLDGovernment","SBT_9038_1",1.1,1.2,"15C1_Mg",NA,"3.1000","None"
"QLDGovernment","SBT_9038_1",1.1,1.2,"15C1_Na",NA,"0.1100","None"
"QLDGovernment","SBT_9038_1",1.1,1.2,"17A1","17A1","0.0390","%"
"QLDGovernment","SBT_9038_1",1.1,1.2,"2A1","2A1","1.5000","%"
"QLDGovernment","SBT_9038_1",1.1,1.2,"2Z2_Clay","2Z2_Clay","45","%"
"QLDGovernment","SBT_9038_1",1.1,1.2,"2Z2_CS","2Z2_CS","26","%"
"QLDGovernment","SBT_9038_1",1.1,1.2,"2Z2_FS","2Z2_FS","24","%"
"QLDGovernment","SBT_9038_1",1.1,1.2,"2Z2_Silt","2Z2_Silt","8","%"
"QLDGovernment","SBT_9038_1",1.1,1.2,"3A1","3A1","0.0200","dS/m"
"QLDGovernment","SBT_9038_1",1.1,1.2,"4A1","4A1","6.6000","NA"
"QLDGovernment","SBT_9038_1",1.1,1.2,"4B1","4B1","6.4000","NA"
"QLDGovernment","SBT_9038_1",1.1,1.2,"5A2","5A2","20","mg/kg"
"QLDGovernment","SBT_9038_1",1.1,1.2,"9A1","9A1","0.0170","%"
"QLDGovernment","SBT_9038_1",1.4,1.5,"3A1","3A1","0.0300","dS/m"
"QLDGovernment","SBT_9038_1",1.4,1.5,"4A1","4A1","6.6000","NA"
"QLDGovernment","SBT_9038_1",1.4,1.5,"4B1","4B1","6.5000","NA"
"QLDGovernment","SBT_9038_1",1.4,1.5,"5A2","5A2","20","mg/kg"
"QLDGovernment","ABS_75_1",0,0.1,"10A1","10A1","0.0200","%"
"QLDGovernment","ABS_75_1",0,0.1,"15C1_Ca",NA,"10","None"
"QLDGovernment","ABS_75_1",0,0.1,"15C1_CEC","15C1_CEC","12","meq/100g"
"QLDGovernment","ABS_75_1",0,0.1,"15C1_K","15C1_K","1.1000","meq/100g"
"QLDGovernment","ABS_75_1",0,0.1,"15C1_Mg",NA,"2.9000","None"
"QLDGovernment","ABS_75_1",0,0.1,"15C1_Na",NA,"0.0800","None"
"QLDGovernment","ABS_75_1",0,0.1,"17A1","17A1","0.3900","%"
"QLDGovernment","ABS_75_1",0,0.1,"18B1","18B1","1.1000","mg/kg"
"QLDGovernment","ABS_75_1",0,0.1,"2A1","2A1","2.6000","%"
"QLDGovernment","ABS_75_1",0,0.1,"2E1","2E1","11","NA"
"QLDGovernment","ABS_75_1",0,0.1,"2E2","2E2","18","NA"
"QLDGovernment","ABS_75_1",0,0.1,"2Z2_Clay","2Z2_Clay","28","%"
"QLDGovernment","ABS_75_1",0,0.1,"2Z2_CS","2Z2_CS","16","%"
"QLDGovernment","ABS_75_1",0,0.1,"2Z2_FS","2Z2_FS","42","%"
"QLDGovernment","ABS_75_1",0,0.1,"2Z2_Silt","2Z2_Silt","14","%"
"QLDGovernment","ABS_75_1",0,0.1,"2Z2_sum",NA,"100","None"
"QLDGovernment","ABS_75_1",0,0.1,"3A1","3A1","0.0500","dS/m"
"QLDGovernment","ABS_75_1",0,0.1,"4A1","4A1","7","NA"
"QLDGovernment","ABS_75_1",0,0.1,"5A2","5A2","20","mg/kg"
"QLDGovernment","ABS_75_1",0,0.1,"6A1","6A1","1.5000","%"
"QLDGovernment","ABS_75_1",0,0.1,"7A2","7A2","0.1100","%"
"QLDGovernment","ABS_75_1",0,0.1,"9A1","9A1","0.0890","%"
"QLDGovernment","ABS_75_1",0,0.1,"9B2","9B2","47","mg/kg"
"QLDGovernment","ABS_75_1",0,0.1,"9G2","9G2","68","mg/kg"
"QLDGovernment","ABS_75_1",0.1,0.2,"18B1","18B1","0.9000","mg/kg"
"QLDGovernment","ABS_75_1",0.1,0.2,"2A1","2A1","2.2000","%"
"QLDGovernment","ABS_75_1",0.1,0.2,"3A1","3A1","0.0400","dS/m"
"QLDGovernment","ABS_75_1",0.1,0.2,"4A1","4A1","7.1000","NA"
"QLDGovernment","ABS_75_1",0.1,0.2,"5A2","5A2","20","mg/kg"
"QLDGovernment","ABS_75_1",0.1,0.2,"6A1","6A1","1","%"
"QLDGovernment","ABS_75_1",0.1,0.2,"7A2","7A2","0.0800","%"
"QLDGovernment","ABS_75_1",0.1,0.2,"9B2","9B2","21","mg/kg"
"QLDGovernment","ABS_75_1",0.1,0.2,"9G2","9G2","21","mg/kg"
"QLDGovernment","ABS_75_1",0.2,0.3,"10A1","10A1","0.0400","%"
"QLDGovernment","ABS_75_1",0.2,0.3,"15C1_Ca",NA,"6.6000","None"
"QLDGovernment","ABS_75_1",0.2,0.3,"15C1_CEC","15C1_CEC","9","meq/100g"
"QLDGovernment","ABS_75_1",0.2,0.3,"15C1_K","15C1_K","0.7500","meq/100g"
"QLDGovernment","ABS_75_1",0.2,0.3,"15C1_Mg",NA,"2.4000","None"
"QLDGovernment","ABS_75_1",0.2,0.3,"15C1_Na",NA,"0.0500","None"
"QLDGovernment","ABS_75_1",0.2,0.3,"17A1","17A1","0.3900","%"
"QLDGovernment","ABS_75_1",0.2,0.3,"2A1","2A1","2.8000","%"
"QLDGovernment","ABS_75_1",0.2,0.3,"2E1","2E1","12","NA"
"QLDGovernment","ABS_75_1",0.2,0.3,"2E2","2E2","20","NA"
"QLDGovernment","ABS_75_1",0.2,0.3,"2Z2_Clay","2Z2_Clay","38","%"
"QLDGovernment","ABS_75_1",0.2,0.3,"2Z2_CS","2Z2_CS","16","%"
"QLDGovernment","ABS_75_1",0.2,0.3,"2Z2_FS","2Z2_FS","37","%"
"QLDGovernment","ABS_75_1",0.2,0.3,"2Z2_Silt","2Z2_Silt","11","%"
"QLDGovernment","ABS_75_1",0.2,0.3,"2Z2_sum",NA,"102","None"
"QLDGovernment","ABS_75_1",0.2,0.3,"3A1","3A1","0.0200","dS/m"
"QLDGovernment","ABS_75_1",0.2,0.3,"4A1","4A1","7.1000","NA"
"QLDGovernment","ABS_75_1",0.2,0.3,"5A2","5A2","20","mg/kg"
"QLDGovernment","ABS_75_1",0.2,0.3,"9A1","9A1","0.0550","%"
"QLDGovernment","ABS_75_1",0.5,0.6,"10A1","10A1","0.0100","%"
"QLDGovernment","ABS_75_1",0.5,0.6,"15C1_Ca",NA,"4.8000","None"
"QLDGovernment","ABS_75_1",0.5,0.6,"15C1_CEC","15C1_CEC","7","meq/100g"
"QLDGovernment","ABS_75_1",0.5,0.6,"15C1_K","15C1_K","0.3000","meq/100g"
"QLDGovernment","ABS_75_1",0.5,0.6,"15C1_Mg",NA,"2.6000","None"
"QLDGovernment","ABS_75_1",0.5,0.6,"15C1_Na",NA,"0.1000","None"
"QLDGovernment","ABS_75_1",0.5,0.6,"17A1","17A1","0.3300","%"
"QLDGovernment","ABS_75_1",0.5,0.6,"2A1","2A1","3","%"
"QLDGovernment","ABS_75_1",0.5,0.6,"2E1","2E1","14","NA"
"QLDGovernment","ABS_75_1",0.5,0.6,"2E2","2E2","22","NA"
"QLDGovernment","ABS_75_1",0.5,0.6,"2Z2_Clay","2Z2_Clay","47","%"
"QLDGovernment","ABS_75_1",0.5,0.6,"2Z2_CS","2Z2_CS","17","%"
"QLDGovernment","ABS_75_1",0.5,0.6,"2Z2_FS","2Z2_FS","30","%"
"QLDGovernment","ABS_75_1",0.5,0.6,"2Z2_Silt","2Z2_Silt","7","%"
"QLDGovernment","ABS_75_1",0.5,0.6,"2Z2_sum",NA,"101","None"
"QLDGovernment","ABS_75_1",0.5,0.6,"3A1","3A1","0.0200","dS/m"
"QLDGovernment","ABS_75_1",0.5,0.6,"4A1","4A1","7.1000","NA"
"QLDGovernment","ABS_75_1",0.5,0.6,"5A2","5A2","20","mg/kg"
"QLDGovernment","ABS_75_1",0.5,0.6,"9A1","9A1","0.0420","%"
"QLDGovernment","ABS_75_1",0.8,0.9,"10A1","10A1","0","%"
"QLDGovernment","ABS_75_1",0.8,0.9,"15C1_Ca",NA,"4.5000","None"
"QLDGovernment","ABS_75_1",0.8,0.9,"15C1_CEC","15C1_CEC","7","meq/100g"
"QLDGovernment","ABS_75_1",0.8,0.9,"15C1_K","15C1_K","0.2000","meq/100g"
"QLDGovernment","ABS_75_1",0.8,0.9,"15C1_Mg",NA,"3","None"
"QLDGovernment","ABS_75_1",0.8,0.9,"15C1_Na",NA,"0.2200","None"
"QLDGovernment","ABS_75_1",0.8,0.9,"17A1","17A1","0.2800","%"
"QLDGovernment","ABS_75_1",0.8,0.9,"2A1","2A1","3.3000","%"
"QLDGovernment","ABS_75_1",0.8,0.9,"2E1","2E1","16","NA"
"QLDGovernment","ABS_75_1",0.8,0.9,"2E2","2E2","23","NA"
"QLDGovernment","ABS_75_1",0.8,0.9,"2Z2_Clay","2Z2_Clay","53","%"
"QLDGovernment","ABS_75_1",0.8,0.9,"2Z2_CS","2Z2_CS","19","%"
"QLDGovernment","ABS_75_1",0.8,0.9,"2Z2_FS","2Z2_FS","24","%"
"QLDGovernment","ABS_75_1",0.8,0.9,"2Z2_Silt","2Z2_Silt","5","%"
"QLDGovernment","ABS_75_1",0.8,0.9,"2Z2_sum",NA,"101","None"
"QLDGovernment","ABS_75_1",0.8,0.9,"3A1","3A1","0.0500","dS/m"
"QLDGovernment","ABS_75_1",0.8,0.9,"4A1","4A1","6.9000","NA"
"QLDGovernment","ABS_75_1",0.8,0.9,"5A2","5A2","60","mg/kg"
"QLDGovernment","ABS_75_1",0.8,0.9,"9A1","9A1","0.0460","%"
"QLDGovernment","ABS_75_1",1.1,1.2,"10A1","10A1","0","%"
"QLDGovernment","ABS_75_1",1.1,1.2,"15C1_Ca",NA,"12","None"
"QLDGovernment","ABS_75_1",1.1,1.2,"15C1_CEC","15C1_CEC","18","meq/100g"
"QLDGovernment","ABS_75_1",1.1,1.2,"15C1_K","15C1_K","0.3000","meq/100g"
"QLDGovernment","ABS_75_1",1.1,1.2,"15C1_Mg",NA,"7.6000","None"
"QLDGovernment","ABS_75_1",1.1,1.2,"15C1_Na",NA,"0.5700","None"
"QLDGovernment","ABS_75_1",1.1,1.2,"17A1","17A1","0.2800","%"
"QLDGovernment","ABS_75_1",1.1,1.2,"2A1","2A1","5.8000","%"
"QLDGovernment","ABS_75_1",1.1,1.2,"2Z2_Clay","2Z2_Clay","53","%"
"QLDGovernment","ABS_75_1",1.1,1.2,"2Z2_CS","2Z2_CS","14","%"
"QLDGovernment","ABS_75_1",1.1,1.2,"2Z2_FS","2Z2_FS","19","%"
"QLDGovernment","ABS_75_1",1.1,1.2,"2Z2_Silt","2Z2_Silt","14","%"
"QLDGovernment","ABS_75_1",1.1,1.2,"2Z2_sum",NA,"100","None"
"QLDGovernment","ABS_75_1",1.1,1.2,"3A1","3A1","0.1000","dS/m"
"QLDGovernment","ABS_75_1",1.1,1.2,"4A1","4A1","7.3000","NA"
"QLDGovernment","ABS_75_1",1.1,1.2,"5A2","5A2","90","mg/kg"
"QLDGovernment","ABS_75_1",1.1,1.2,"9A1","9A1","0.0210","%"
"QLDGovernment","ABS_73_1",0,0.1,"10A1","10A1","0.0100","%"
"QLDGovernment","ABS_73_1",0,0.1,"15C1_Ca",NA,"1.3000","None"
"QLDGovernment","ABS_73_1",0,0.1,"15C1_CEC","15C1_CEC","4","meq/100g"
"QLDGovernment","ABS_73_1",0,0.1,"15C1_K","15C1_K","0.6900","meq/100g"
"QLDGovernment","ABS_73_1",0,0.1,"15C1_Mg",NA,"1.2000","None"
"QLDGovernment","ABS_73_1",0,0.1,"15C1_Na",NA,"0.1600","None"
"QLDGovernment","ABS_73_1",0,0.1,"17A1","17A1","2.5500","%"
"QLDGovernment","ABS_73_1",0,0.1,"18B1","18B1","0.7000","mg/kg"
"QLDGovernment","ABS_73_1",0,0.1,"2A1","2A1","0.8000","%"
"QLDGovernment","ABS_73_1",0,0.1,"2E1","2E1","3","NA"
"QLDGovernment","ABS_73_1",0,0.1,"2E2","2E2","9","NA"
"QLDGovernment","ABS_73_1",0,0.1,"2Z2_Clay","2Z2_Clay","4","%"
"QLDGovernment","ABS_73_1",0,0.1,"2Z2_CS","2Z2_CS","52","%"
"QLDGovernment","ABS_73_1",0,0.1,"2Z2_FS","2Z2_FS","35","%"
"QLDGovernment","ABS_73_1",0,0.1,"2Z2_Silt","2Z2_Silt","9","%"
"QLDGovernment","ABS_73_1",0,0.1,"2Z2_sum",NA,"100","None"
"QLDGovernment","ABS_73_1",0,0.1,"3A1","3A1","0.0200","dS/m"
"QLDGovernment","ABS_73_1",0,0.1,"4A1","4A1","6.2000","NA"
"QLDGovernment","ABS_73_1",0,0.1,"5A2","5A2","20","mg/kg"
"QLDGovernment","ABS_73_1",0,0.1,"6A1","6A1","0.9000","%"
"QLDGovernment","ABS_73_1",0,0.1,"7A2","7A2","0.0500","%"
"QLDGovernment","ABS_73_1",0,0.1,"9A1","9A1","0.0280","%"
"QLDGovernment","ABS_73_1",0,0.1,"9B2","9B2","10","mg/kg"
"QLDGovernment","ABS_73_1",0,0.1,"9G2","9G2","14","mg/kg"
"QLDGovernment","ABS_73_1",0.1,0.2,"18B1","18B1","0.3000","mg/kg"
"QLDGovernment","ABS_73_1",0.1,0.2,"2A1","2A1","0.6000","%"
"QLDGovernment","ABS_73_1",0.1,0.2,"3A1","3A1","0.0200","dS/m"
"QLDGovernment","ABS_73_1",0.1,0.2,"4A1","4A1","5.8000","NA"
"QLDGovernment","ABS_73_1",0.1,0.2,"5A2","5A2","20","mg/kg"
"QLDGovernment","ABS_73_1",0.1,0.2,"6A1","6A1","0.6000","%"
"QLDGovernment","ABS_73_1",0.1,0.2,"7A2","7A2","0.0400","%"
"QLDGovernment","ABS_73_1",0.1,0.2,"9B2","9B2","8","mg/kg"
"QLDGovernment","ABS_73_1",0.1,0.2,"9G2","9G2","9","mg/kg"
"QLDGovernment","ABS_73_1",0.2,0.3,"10A1","10A1","0","%"
"QLDGovernment","ABS_73_1",0.2,0.3,"15C1_Ca",NA,"0.4000","None"
"QLDGovernment","ABS_73_1",0.2,0.3,"15C1_CEC","15C1_CEC","4","meq/100g"
"QLDGovernment","ABS_73_1",0.2,0.3,"15C1_K","15C1_K","0.1000","meq/100g"
"QLDGovernment","ABS_73_1",0.2,0.3,"15C1_Mg",NA,"4","None"
"QLDGovernment","ABS_73_1",0.2,0.3,"15C1_Na",NA,"0.5600","None"
"QLDGovernment","ABS_73_1",0.2,0.3,"17A1","17A1","2.4900","%"
"QLDGovernment","ABS_73_1",0.2,0.3,"2A1","2A1","1.3000","%"
"QLDGovernment","ABS_73_1",0.2,0.3,"2E1","2E1","5","NA"
"QLDGovernment","ABS_73_1",0.2,0.3,"2E2","2E2","11","NA"
"QLDGovernment","ABS_73_1",0.2,0.3,"2Z2_Clay","2Z2_Clay","14","%"
"QLDGovernment","ABS_73_1",0.2,0.3,"2Z2_CS","2Z2_CS","45","%"
"QLDGovernment","ABS_73_1",0.2,0.3,"2Z2_FS","2Z2_FS","35","%"
"QLDGovernment","ABS_73_1",0.2,0.3,"2Z2_Silt","2Z2_Silt","8","%"
"QLDGovernment","ABS_73_1",0.2,0.3,"2Z2_sum",NA,"102","None"
"QLDGovernment","ABS_73_1",0.2,0.3,"3A1","3A1","0.0400","dS/m"
"QLDGovernment","ABS_73_1",0.2,0.3,"4A1","4A1","6.3000","NA"
"QLDGovernment","ABS_73_1",0.2,0.3,"5A2","5A2","30","mg/kg"
"QLDGovernment","ABS_73_1",0.2,0.3,"9A1","9A1","0.0140","%"
"QLDGovernment","ABS_73_1",0.5,0.6,"10A1","10A1","0.0500","%"
"QLDGovernment","ABS_73_1",0.5,0.6,"15C1_Ca",NA,"0.3000","None"
"QLDGovernment","ABS_73_1",0.5,0.6,"15C1_CEC","15C1_CEC","12","meq/100g"
"QLDGovernment","ABS_73_1",0.5,0.6,"15C1_K","15C1_K","0.1200","meq/100g"
"QLDGovernment","ABS_73_1",0.5,0.6,"15C1_Mg",NA,"11","None"
"QLDGovernment","ABS_73_1",0.5,0.6,"15C1_Na",NA,"2.5000","None"
"QLDGovernment","ABS_73_1",0.5,0.6,"17A1","17A1","2.5500","%"
"QLDGovernment","ABS_73_1",0.5,0.6,"2A1","2A1","2","%"
"QLDGovernment","ABS_73_1",0.5,0.6,"2E1","2E1","7","NA"
"QLDGovernment","ABS_73_1",0.5,0.6,"2E2","2E2","15","NA"
"QLDGovernment","ABS_73_1",0.5,0.6,"2Z2_Clay","2Z2_Clay","15","%"
"QLDGovernment","ABS_73_1",0.5,0.6,"2Z2_CS","2Z2_CS","45","%"
"QLDGovernment","ABS_73_1",0.5,0.6,"2Z2_FS","2Z2_FS","32","%"
"QLDGovernment","ABS_73_1",0.5,0.6,"2Z2_Silt","2Z2_Silt","9","%"
"QLDGovernment","ABS_73_1",0.5,0.6,"2Z2_sum",NA,"101","None"
"QLDGovernment","ABS_73_1",0.5,0.6,"3A1","3A1","0.2400","dS/m"
"QLDGovernment","ABS_73_1",0.5,0.6,"4A1","4A1","5.8000","NA"
"QLDGovernment","ABS_73_1",0.5,0.6,"5A2","5A2","170","mg/kg"
"QLDGovernment","ABS_73_1",0.5,0.6,"9A1","9A1","0.0120","%"
"QLDGovernment","SALTS_96_1",0,0.1,"3A1","3A1","0.1700","dS/m"
"QLDGovernment","SALTS_96_1",0,0.1,"4A1","4A1","8.2000","NA"
"QLDGovernment","SALTS_96_1",0,0.1,"5A2","5A2","22","mg/kg"
"QLDGovernment","SALTS_96_1",0,0.1,"7B1","7B1","29","mg/kg"
"QLDGovernment","SALTS_96_1",0.2,0.3,"3A1","3A1","0.1900","dS/m"
"QLDGovernment","SALTS_96_1",0.2,0.3,"4A1","4A1","8.8000","NA"
"QLDGovernment","SALTS_96_1",0.2,0.3,"5A2","5A2","20","mg/kg"
"QLDGovernment","SALTS_96_1",0.2,0.3,"7B1","7B1","6","mg/kg"
"QLDGovernment","SALTS_96_1",0.5,0.6,"3A1","3A1","0.3200","dS/m"
"QLDGovernment","SALTS_96_1",0.5,0.6,"4A1","4A1","9.2000","NA"
"QLDGovernment","SALTS_96_1",0.5,0.6,"5A2","5A2","37","mg/kg"
"QLDGovernment","SALTS_96_1",0.5,0.6,"7B1","7B1","9","mg/kg"
"QLDGovernment","SALTS_96_1",0.8,0.9,"3A1","3A1","0.5500","dS/m"
"QLDGovernment","SALTS_96_1",0.8,0.9,"4A1","4A1","9.4000","NA"
"QLDGovernment","SALTS_96_1",0.8,0.9,"5A2","5A2","172","mg/kg"
"QLDGovernment","SALTS_96_1",0.8,0.9,"7B1","7B1","14","mg/kg"
"QLDGovernment","SALTS_96_1",1.1,1.2,"3A1","3A1","0.9000","dS/m"
"QLDGovernment","SALTS_96_1",1.1,1.2,"4A1","4A1","9.2000","NA"
"QLDGovernment","SALTS_96_1",1.1,1.2,"5A2","5A2","504","mg/kg"
"QLDGovernment","SALTS_96_1",1.1,1.2,"7B1","7B1","14","mg/kg"
"QLDGovernment","SALTS_96_1",1.4,1.5,"3A1","3A1","1.3700","dS/m"
"QLDGovernment","SALTS_96_1",1.4,1.5,"4A1","4A1","8.9000","NA"
"QLDGovernment","SALTS_96_1",1.4,1.5,"5A2","5A2","1060","mg/kg"
"QLDGovernment","SALTS_96_1",1.4,1.5,"7B1","7B1","15","mg/kg"
"QLDGovernment","ABS_72_1",0.1,0.2,"18B1","18B1","0.4000","mg/kg"
"QLDGovernment","ABS_72_1",0.1,0.2,"2A1","2A1","0.9000","%"
"QLDGovernment","ABS_72_1",0.1,0.2,"3A1","3A1","0.0200","dS/m"
"QLDGovernment","ABS_72_1",0.1,0.2,"4A1","4A1","6.1000","NA"
"QLDGovernment","ABS_72_1",0.1,0.2,"5A2","5A2","20","mg/kg"
"QLDGovernment","ABS_72_1",0.1,0.2,"6A1","6A1","1.2000","%"
"QLDGovernment","ABS_72_1",0.1,0.2,"7A2","7A2","0.0500","%"
"QLDGovernment","ABS_72_1",0.1,0.2,"9B2","9B2","3","mg/kg"
"QLDGovernment","ABS_72_1",0.1,0.2,"9G2","9G2","2","mg/kg"
"QLDGovernment","ABS_72_1",0.2,0.3,"10A1","10A1","0.0100","%"
"QLDGovernment","ABS_72_1",0.2,0.3,"15C1_Ca",NA,"0.5500","None"
"QLDGovernment","ABS_72_1",0.2,0.3,"15C1_CEC","15C1_CEC","2","meq/100g"
"QLDGovernment","ABS_72_1",0.2,0.3,"15C1_K","15C1_K","0.2000","meq/100g"
"QLDGovernment","ABS_72_1",0.2,0.3,"15C1_Mg",NA,"1.1000","None"
"QLDGovernment","ABS_72_1",0.2,0.3,"15C1_Na",NA,"0.0500","None"
"QLDGovernment","ABS_72_1",0.2,0.3,"17A1","17A1","0.6400","%"
"QLDGovernment","ABS_72_1",0.2,0.3,"2A1","2A1","0.9000","%"
"QLDGovernment","ABS_72_1",0.2,0.3,"2E1","2E1","5","NA"
"QLDGovernment","ABS_72_1",0.2,0.3,"2E2","2E2","9","NA"
"QLDGovernment","ABS_72_1",0.2,0.3,"2Z2_Clay","2Z2_Clay","15","%"
"QLDGovernment","ABS_72_1",0.2,0.3,"2Z2_CS","2Z2_CS","32","%"
"QLDGovernment","ABS_72_1",0.2,0.3,"2Z2_FS","2Z2_FS","47","%"
"QLDGovernment","ABS_72_1",0.2,0.3,"2Z2_Silt","2Z2_Silt","6","%"
"QLDGovernment","ABS_72_1",0.2,0.3,"2Z2_sum",NA,"100","None"
"QLDGovernment","ABS_72_1",0.2,0.3,"3A1","3A1","0.0100","dS/m"
"QLDGovernment","ABS_72_1",0.2,0.3,"4A1","4A1","6.1000","NA"
"QLDGovernment","ABS_72_1",0.2,0.3,"5A2","5A2","20","mg/kg"
"QLDGovernment","ABS_72_1",0.2,0.3,"9A1","9A1","0.0280","%"
"QLDGovernment","ABS_72_1",0.5,0.6,"10A1","10A1","0.0100","%"
"QLDGovernment","ABS_72_1",0.5,0.6,"15C1_Ca",NA,"0.2000","None"
"QLDGovernment","ABS_72_1",0.5,0.6,"15C1_CEC","15C1_CEC","4","meq/100g"
"QLDGovernment","ABS_72_1",0.5,0.6,"15C1_K","15C1_K","0.1800","meq/100g"
"QLDGovernment","ABS_72_1",0.5,0.6,"15C1_Mg",NA,"3.5000","None"
"QLDGovernment","ABS_72_1",0.5,0.6,"15C1_Na",NA,"0.2400","None"
"QLDGovernment","ABS_72_1",0.5,0.6,"17A1","17A1","0.7600","%"
"QLDGovernment","ABS_72_1",0.5,0.6,"2A1","2A1","2.8000","%"
"QLDGovernment","ABS_72_1",0.5,0.6,"2E1","2E1","13","NA"
"QLDGovernment","ABS_72_1",0.5,0.6,"2E2","2E2","19","NA"
"QLDGovernment","ABS_72_1",0.5,0.6,"2Z2_Clay","2Z2_Clay","45","%"
"QLDGovernment","ABS_72_1",0.5,0.6,"2Z2_CS","2Z2_CS","20","%"
"QLDGovernment","ABS_72_1",0.5,0.6,"2Z2_FS","2Z2_FS","27","%"
"QLDGovernment","ABS_72_1",0.5,0.6,"2Z2_Silt","2Z2_Silt","6","%"
"QLDGovernment","ABS_72_1",0.5,0.6,"2Z2_sum",NA,"98","None"
"QLDGovernment","ABS_72_1",0.5,0.6,"3A1","3A1","0.0300","dS/m"
"QLDGovernment","ABS_72_1",0.5,0.6,"4A1","4A1","6.1000","NA"
"QLDGovernment","ABS_72_1",0.5,0.6,"5A2","5A2","40","mg/kg"
"QLDGovernment","ABS_72_1",0.5,0.6,"9A1","9A1","0.0420","%"
"QLDGovernment","ABS_69_1",0,0.1,"10A1","10A1","0.0900","%"
"QLDGovernment","ABS_69_1",0,0.1,"15C1_Ca",NA,"38","None"
"QLDGovernment","ABS_69_1",0,0.1,"15C1_CEC","15C1_CEC","42","meq/100g"
"QLDGovernment","ABS_69_1",0,0.1,"15C1_K","15C1_K","2.5000","meq/100g"
"QLDGovernment","ABS_69_1",0,0.1,"15C1_Mg",NA,"7.2000","None"
"QLDGovernment","ABS_69_1",0,0.1,"15C1_Na",NA,"0.5700","None"
"QLDGovernment","ABS_69_1",0,0.1,"17A1","17A1","1.6800","%"
"QLDGovernment","ABS_69_1",0,0.1,"18B1","18B1","2.1000","mg/kg"
"QLDGovernment","ABS_69_1",0,0.1,"2A1","2A1","8.5000","%"
"QLDGovernment","ABS_69_1",0,0.1,"2E1","2E1","27","NA"
"QLDGovernment","ABS_69_1",0,0.1,"2E2","2E2","44","NA"
"QLDGovernment","ABS_69_1",0,0.1,"2Z2_Clay","2Z2_Clay","47","%"
"QLDGovernment","ABS_69_1",0,0.1,"2Z2_CS","2Z2_CS","6","%"
"QLDGovernment","ABS_69_1",0,0.1,"2Z2_FS","2Z2_FS","23","%"
"QLDGovernment","ABS_69_1",0,0.1,"2Z2_Silt","2Z2_Silt","25","%"
"QLDGovernment","ABS_69_1",0,0.1,"2Z2_sum",NA,"101","None"
"QLDGovernment","ABS_69_1",0,0.1,"3A1","3A1","0.1400","dS/m"
"QLDGovernment","ABS_69_1",0,0.1,"4A1","4A1","7.2000","NA"
"QLDGovernment","ABS_69_1",0,0.1,"5A2","5A2","30","mg/kg"
"QLDGovernment","ABS_69_1",0,0.1,"6A1","6A1","6","%"
"QLDGovernment","ABS_69_1",0,0.1,"7A2","7A2","0.6000","%"
"QLDGovernment","ABS_69_1",0,0.1,"9A1","9A1","0.0770","%"
"QLDGovernment","ABS_69_1",0,0.1,"9B2","9B2","21","mg/kg"
"QLDGovernment","ABS_69_1",0,0.1,"9G2","9G2","36","mg/kg"
"QLDGovernment","ABS_69_1",0.1,0.2,"18B1","18B1","0.8000","mg/kg"
"QLDGovernment","ABS_69_1",0.1,0.2,"2A1","2A1","7.9000","%"
"QLDGovernment","ABS_69_1",0.1,0.2,"3A1","3A1","0.1000","dS/m"
"QLDGovernment","ABS_69_1",0.1,0.2,"4A1","4A1","7.6000","NA"
"QLDGovernment","ABS_69_1",0.1,0.2,"5A2","5A2","30","mg/kg"
"QLDGovernment","ABS_69_1",0.1,0.2,"6A1","6A1","3.7000","%"
"QLDGovernment","ABS_69_1",0.1,0.2,"7A2","7A2","0.3900","%"
"QLDGovernment","ABS_69_1",0.1,0.2,"9B2","9B2","13","mg/kg"
"QLDGovernment","ABS_69_1",0.1,0.2,"9G2","9G2","18","mg/kg"
"QLDGovernment","ABS_69_1",0.2,0.3,"10A1","10A1","0.0400","%"
"QLDGovernment","ABS_69_1",0.2,0.3,"15C1_Ca",NA,"27","None"
"QLDGovernment","ABS_69_1",0.2,0.3,"15C1_CEC","15C1_CEC","38","meq/100g"
"QLDGovernment","ABS_69_1",0.2,0.3,"15C1_K","15C1_K","0.6800","meq/100g"
"QLDGovernment","ABS_69_1",0.2,0.3,"15C1_Mg",NA,"12","None"
"QLDGovernment","ABS_69_1",0.2,0.3,"15C1_Na",NA,"1.5000","None"
"QLDGovernment","ABS_69_1",0.2,0.3,"17A1","17A1","1.4600","%"
"QLDGovernment","ABS_69_1",0.2,0.3,"2A1","2A1","6.4000","%"
"QLDGovernment","ABS_69_1",0.2,0.3,"2E1","2E1","22","NA"
"QLDGovernment","ABS_69_1",0.2,0.3,"2E2","2E2","39","NA"
"QLDGovernment","ABS_69_1",0.2,0.3,"2Z2_Clay","2Z2_Clay","58","%"
"QLDGovernment","ABS_69_1",0.2,0.3,"2Z2_CS","2Z2_CS","2","%"
"QLDGovernment","ABS_69_1",0.2,0.3,"2Z2_FS","2Z2_FS","23","%"
"QLDGovernment","ABS_69_1",0.2,0.3,"2Z2_Silt","2Z2_Silt","19","%"
"QLDGovernment","ABS_69_1",0.2,0.3,"2Z2_sum",NA,"102","None"
"QLDGovernment","ABS_69_1",0.2,0.3,"3A1","3A1","0.1100","dS/m"
"QLDGovernment","ABS_69_1",0.2,0.3,"4A1","4A1","8","NA"
"QLDGovernment","ABS_69_1",0.2,0.3,"5A2","5A2","40","mg/kg"
"QLDGovernment","ABS_69_1",0.2,0.3,"9A1","9A1","0.0320","%"
"QLDGovernment","ABS_69_1",0.5,0.6,"10A1","10A1","0.0200","%"
"QLDGovernment","ABS_69_1",0.5,0.6,"15C1_Ca",NA,"19","None"
"QLDGovernment","ABS_69_1",0.5,0.6,"15C1_CEC","15C1_CEC","36","meq/100g"
"QLDGovernment","ABS_69_1",0.5,0.6,"15C1_K","15C1_K","0.4000","meq/100g"
"QLDGovernment","ABS_69_1",0.5,0.6,"15C1_Mg",NA,"17","None"
"QLDGovernment","ABS_69_1",0.5,0.6,"15C1_Na",NA,"4","None"
"QLDGovernment","ABS_69_1",0.5,0.6,"17A1","17A1","1.4600","%"
"QLDGovernment","ABS_69_1",0.5,0.6,"2A1","2A1","5","%"
"QLDGovernment","ABS_69_1",0.5,0.6,"2E1","2E1","21","NA"
"QLDGovernment","ABS_69_1",0.5,0.6,"2E2","2E2","39","NA"
"QLDGovernment","ABS_69_1",0.5,0.6,"2Z2_Clay","2Z2_Clay","56","%"
"QLDGovernment","ABS_69_1",0.5,0.6,"2Z2_CS","2Z2_CS","1","%"
"QLDGovernment","ABS_69_1",0.5,0.6,"2Z2_FS","2Z2_FS","25","%"
"QLDGovernment","ABS_69_1",0.5,0.6,"2Z2_Silt","2Z2_Silt","20","%"
"QLDGovernment","ABS_69_1",0.5,0.6,"2Z2_sum",NA,"102","None"
"QLDGovernment","ABS_69_1",0.5,0.6,"3A1","3A1","0.2900","dS/m"
"QLDGovernment","ABS_69_1",0.5,0.6,"4A1","4A1","9.2000","NA"
"QLDGovernment","ABS_69_1",0.5,0.6,"5A2","5A2","180","mg/kg"
"QLDGovernment","ABS_69_1",0.5,0.6,"9A1","9A1","0.0190","%"
"QLDGovernment","ABS_69_1",0.8,0.9,"10A1","10A1","0.0300","%"
"QLDGovernment","ABS_69_1",0.8,0.9,"15C1_Ca",NA,"12","None"
"QLDGovernment","ABS_69_1",0.8,0.9,"15C1_CEC","15C1_CEC","30","meq/100g"
"QLDGovernment","ABS_69_1",0.8,0.9,"15C1_K","15C1_K","0.2000","meq/100g"
"QLDGovernment","ABS_69_1",0.8,0.9,"15C1_Mg",NA,"15","None"
"QLDGovernment","ABS_69_1",0.8,0.9,"15C1_Na",NA,"5.7000","None"
"QLDGovernment","ABS_69_1",0.8,0.9,"17A1","17A1","1.4100","%"
"QLDGovernment","ABS_69_1",0.8,0.9,"2A1","2A1","5.5000","%"
"QLDGovernment","ABS_69_1",0.8,0.9,"2E1","2E1","14","NA"
"QLDGovernment","ABS_69_1",0.8,0.9,"2E2","2E2","29","NA"
"QLDGovernment","ABS_69_1",0.8,0.9,"2Z2_Clay","2Z2_Clay","38","%"
"QLDGovernment","ABS_69_1",0.8,0.9,"2Z2_CS","2Z2_CS","2","%"
"QLDGovernment","ABS_69_1",0.8,0.9,"2Z2_FS","2Z2_FS","42","%"
"QLDGovernment","ABS_69_1",0.8,0.9,"2Z2_Silt","2Z2_Silt","20","%"
"QLDGovernment","ABS_69_1",0.8,0.9,"2Z2_sum",NA,"102","None"
"QLDGovernment","ABS_69_1",0.8,0.9,"3A1","3A1","0.5700","dS/m"
"QLDGovernment","ABS_69_1",0.8,0.9,"4A1","4A1","9.5000","NA"
"QLDGovernment","ABS_69_1",0.8,0.9,"5A2","5A2","460","mg/kg"
"QLDGovernment","ABS_69_1",0.8,0.9,"9A1","9A1","0.0280","%"
"QLDGovernment","ABS_69_1",1.1,1.2,"10A1","10A1","0.0300","%"
"QLDGovernment","ABS_69_1",1.1,1.2,"15C1_Ca",NA,"12","None"
"QLDGovernment","ABS_69_1",1.1,1.2,"15C1_CEC","15C1_CEC","30","meq/100g"
"QLDGovernment","ABS_69_1",1.1,1.2,"15C1_K","15C1_K","0.2000","meq/100g"
"QLDGovernment","ABS_69_1",1.1,1.2,"15C1_Mg",NA,"15","None"
"QLDGovernment","ABS_69_1",1.1,1.2,"15C1_Na",NA,"6.6000","None"
"QLDGovernment","ABS_69_1",1.1,1.2,"17A1","17A1","1.6800","%"
"QLDGovernment","ABS_69_1",1.1,1.2,"2A1","2A1","4.5000","%"
"QLDGovernment","ABS_69_1",1.1,1.2,"2Z2_Clay","2Z2_Clay","39","%"
"QLDGovernment","ABS_69_1",1.1,1.2,"2Z2_CS","2Z2_CS","1","%"
"QLDGovernment","ABS_69_1",1.1,1.2,"2Z2_FS","2Z2_FS","38","%"
"QLDGovernment","ABS_69_1",1.1,1.2,"2Z2_Silt","2Z2_Silt","26","%"
"QLDGovernment","ABS_69_1",1.1,1.2,"2Z2_sum",NA,"104","None"
"QLDGovernment","ABS_69_1",1.1,1.2,"3A1","3A1","0.9200","dS/m"
"QLDGovernment","ABS_69_1",1.1,1.2,"4A1","4A1","9.2000","NA"
"QLDGovernment","ABS_69_1",1.1,1.2,"5A2","5A2","870","mg/kg"
"QLDGovernment","ABS_69_1",1.1,1.2,"9A1","9A1","0.0360","%"
"NatSoil","399_RR_B270_1",0,0.14,"15_NR_CA","15_NR_CA","6","meq/100g"
"NatSoil","399_RR_B270_1",0,0.14,"15_NR_H","15_NR_H","10.2","meq/100g"
"NatSoil","399_RR_B270_1",0,0.14,"15_NR_K","15_NR_K","0.86","meq/100g"
"NatSoil","399_RR_B270_1",0,0.14,"15_NR_MG","15_NR_MG","3.5","meq/100g"
"NatSoil","399_RR_B270_1",0,0.14,"15_NR_NA","15_NR_NA","0.39","meq/100g"
"NatSoil","399_RR_B270_1",0,0.14,"2A1","2A1","2.7","%"
"NatSoil","399_RR_B270_1",0,0.14,"3_NR","3_NR","0.01","?"
"NatSoil","399_RR_B270_1",0,0.14,"4_NR","4_NR","6.4","None"
"NatSoil","399_RR_B270_1",0,0.14,"5_NR","5_NR","0.004","%"
"NatSoil","399_RR_B270_1",0,0.14,"6A1","6A1","1.42","%"
"NatSoil","399_RR_B270_1",0,0.14,"7_NR","7_NR","0.12","%"
"NatSoil","399_RR_B270_1",0,0.14,"9A_NR","9A_NR","0.082","%"
"NatSoil","399_RR_B270_1",0,0.14,"9_NR","9_NR","27","mg/kg"
"NatSoil","399_RR_B270_1",0,0.14,"P10_GRAV","P10_GRAV","0","%"
"NatSoil","399_RR_B270_1",0,0.14,"P10_NR_C","P10_NR_C","24","%"
"NatSoil","399_RR_B270_1",0,0.14,"P10_NR_CS","P10_NR_CS","22","%"
"NatSoil","399_RR_B270_1",0,0.14,"P10_NR_FS","P10_NR_FS","42","%"
"NatSoil","399_RR_B270_1",0,0.14,"P10_NR_Z","P10_NR_Z","11","%"
"NatSoil","399_RR_B270_1",0.16,0.38,"15_NR_CA","15_NR_CA","7","meq/100g"
"NatSoil","399_RR_B270_1",0.16,0.38,"15_NR_H","15_NR_H","5.8","meq/100g"
"NatSoil","399_RR_B270_1",0.16,0.38,"15_NR_K","15_NR_K","0.3","meq/100g"
"NatSoil","399_RR_B270_1",0.16,0.38,"15_NR_MG","15_NR_MG","10.5","meq/100g"
"NatSoil","399_RR_B270_1",0.16,0.38,"15_NR_NA","15_NR_NA","3.6","meq/100g"
"NatSoil","399_RR_B270_1",0.16,0.38,"2A1","2A1","6.8","%"
"NatSoil","399_RR_B270_1",0.16,0.38,"3_NR","3_NR","0.06","?"
"NatSoil","399_RR_B270_1",0.16,0.38,"4_NR","4_NR","7.8","None"
"NatSoil","399_RR_B270_1",0.16,0.38,"5_NR","5_NR","0.016","%"
"NatSoil","399_RR_B270_1",0.16,0.38,"6A1","6A1","0.83","%"
"NatSoil","399_RR_B270_1",0.16,0.38,"7_NR","7_NR","0.092","%"
"NatSoil","399_RR_B270_1",0.16,0.38,"P10_GRAV","P10_GRAV","0","%"
"NatSoil","399_RR_B270_1",0.16,0.38,"P10_NR_C","P10_NR_C","54","%"
"NatSoil","399_RR_B270_1",0.16,0.38,"P10_NR_CS","P10_NR_CS","13","%"
"NatSoil","399_RR_B270_1",0.16,0.38,"P10_NR_FS","P10_NR_FS","26","%"
"NatSoil","399_RR_B270_1",0.16,0.38,"P10_NR_Z","P10_NR_Z","6","%"
"NatSoil","399_RR_B270_1",0.41,0.56,"19B_NR","19B_NR","0.13","%"
"NatSoil","399_RR_B270_1",0.41,0.56,"2A1","2A1","6.7","%"
"NatSoil","399_RR_B270_1",0.41,0.56,"3_NR","3_NR","0.18","?"
"NatSoil","399_RR_B270_1",0.41,0.56,"4_NR","4_NR","8.8","None"
"NatSoil","399_RR_B270_1",0.41,0.56,"5_NR","5_NR","0.076","%"
"NatSoil","399_RR_B270_1",0.41,0.56,"6A1","6A1","0.49","%"
"NatSoil","399_RR_B270_1",0.41,0.56,"7_NR","7_NR","0.065","%"
"NatSoil","399_RR_B270_1",0.41,0.56,"9A_NR","9A_NR","0.053","%"
"NatSoil","399_RR_B270_1",0.61,1.07,"15_NR_CA","15_NR_CA","4.9","meq/100g"
"NatSoil","399_RR_B270_1",0.61,1.07,"15_NR_K","15_NR_K","0.43","meq/100g"
"NatSoil","399_RR_B270_1",0.61,1.07,"15_NR_MG","15_NR_MG","11.5","meq/100g"
"NatSoil","399_RR_B270_1",0.61,1.07,"15_NR_NA","15_NR_NA","7.4","meq/100g"
"NatSoil","399_RR_B270_1",0.61,1.07,"19B_NR","19B_NR","6.67","%"
"NatSoil","399_RR_B270_1",0.61,1.07,"2A1","2A1","6.5","%"
"NatSoil","399_RR_B270_1",0.61,1.07,"3_NR","3_NR","0.41","?"
"NatSoil","399_RR_B270_1",0.61,1.07,"4_NR","4_NR","9.1","None"
"NatSoil","399_RR_B270_1",0.61,1.07,"5_NR","5_NR","0.169","%"
"NatSoil","399_RR_B270_1",0.61,1.07,"6A1","6A1","0.15","%"
"NatSoil","399_RR_B270_1",0.61,1.07,"7_NR","7_NR","0.026","%"
"NatSoil","399_RR_B270_1",0.61,1.07,"P10_GRAV","P10_GRAV","0","%"
"NatSoil","399_RR_B270_1",0.61,1.07,"P10_NR_C","P10_NR_C","49","%"
"NatSoil","399_RR_B270_1",0.61,1.07,"P10_NR_CS","P10_NR_CS","13","%"
"NatSoil","399_RR_B270_1",0.61,1.07,"P10_NR_FS","P10_NR_FS","23","%"
"NatSoil","399_RR_B270_1",0.61,1.07,"P10_NR_Z","P10_NR_Z","8","%"
"NatSoil","399_RR_B270_1",1.07,1.68,"19B_NR","19B_NR","0.27","%"
"NatSoil","399_RR_B270_1",1.07,1.68,"2A1","2A1","5.4","%"
"NatSoil","399_RR_B270_1",1.07,1.68,"3_NR","3_NR","0.29","?"
"NatSoil","399_RR_B270_1",1.07,1.68,"4_NR","4_NR","9","None"
"NatSoil","399_RR_B270_1",1.07,1.68,"5_NR","5_NR","0.128","%"
"NatSoil","399_RR_B270_1",1.07,1.68,"9_NR","9_NR","2","mg/kg"
"NatSoil","399_RR_B270_1",1.07,1.68,"P10_GRAV","P10_GRAV","0","%"
"NatSoil","399_RR_B270_1",1.07,1.68,"P10_NR_C","P10_NR_C","47","%"
"NatSoil","399_RR_B270_1",1.07,1.68,"P10_NR_CS","P10_NR_CS","25","%"
"NatSoil","399_RR_B270_1",1.07,1.68,"P10_NR_FS","P10_NR_FS","20","%"
"NatSoil","399_RR_B270_1",1.07,1.68,"P10_NR_Z","P10_NR_Z","7","%"
"QLDGovernment","ABS_70_1",0,0.1,"10A1","10A1","0.0600","%"
"QLDGovernment","ABS_70_1",0,0.1,"15C1_Ca",NA,"21","None"
"QLDGovernment","ABS_70_1",0,0.1,"15C1_CEC","15C1_CEC","25","meq/100g"
"QLDGovernment","ABS_70_1",0,0.1,"15C1_K","15C1_K","1.2000","meq/100g"
"QLDGovernment","ABS_70_1",0,0.1,"15C1_Mg",NA,"3.2000","None"
"QLDGovernment","ABS_70_1",0,0.1,"15C1_Na",NA,"0.2100","None"
"QLDGovernment","ABS_70_1",0,0.1,"17A1","17A1","1.3500","%"
"QLDGovernment","ABS_70_1",0,0.1,"18B1","18B1","1.1000","mg/kg"
"QLDGovernment","ABS_70_1",0,0.1,"2A1","2A1","3.3000","%"
"QLDGovernment","ABS_70_1",0,0.1,"2E1","2E1","15","NA"
"QLDGovernment","ABS_70_1",0,0.1,"2E2","2E2","27","NA"
"QLDGovernment","ABS_70_1",0,0.1,"2Z2_Clay","2Z2_Clay","37","%"
"QLDGovernment","ABS_70_1",0,0.1,"2Z2_CS","2Z2_CS","5","%"
"QLDGovernment","ABS_70_1",0,0.1,"2Z2_FS","2Z2_FS","43","%"
"QLDGovernment","ABS_70_1",0,0.1,"2Z2_Silt","2Z2_Silt","16","%"
"QLDGovernment","ABS_70_1",0,0.1,"2Z2_sum",NA,"101","None"
"QLDGovernment","ABS_70_1",0,0.1,"3A1","3A1","0.0700","dS/m"
"QLDGovernment","ABS_70_1",0,0.1,"4A1","4A1","7.2000","NA"
"QLDGovernment","ABS_70_1",0,0.1,"5A2","5A2","20","mg/kg"
"QLDGovernment","ABS_70_1",0,0.1,"6A1","6A1","3.7000","%"
"QLDGovernment","ABS_70_1",0,0.1,"7A2","7A2","0.3700","%"
"QLDGovernment","ABS_70_1",0,0.1,"9A1","9A1","0.1030","%"
"QLDGovernment","ABS_70_1",0,0.1,"9B2","9B2","15","mg/kg"
"QLDGovernment","ABS_70_1",0,0.1,"9G2","9G2","27","mg/kg"
"QLDGovernment","ABS_70_1",0.1,0.2,"18B1","18B1","0.5000","mg/kg"
"QLDGovernment","ABS_70_1",0.1,0.2,"2A1","2A1","4.7000","%"
"QLDGovernment","ABS_70_1",0.1,0.2,"3A1","3A1","0.0500","dS/m"
"QLDGovernment","ABS_70_1",0.1,0.2,"4A1","4A1","7.4000","NA"
"QLDGovernment","ABS_70_1",0.1,0.2,"5A2","5A2","20","mg/kg"
"QLDGovernment","ABS_70_1",0.1,0.2,"6A1","6A1","2.8000","%"
"QLDGovernment","ABS_70_1",0.1,0.2,"7A2","7A2","0.2800","%"
"QLDGovernment","ABS_70_1",0.1,0.2,"9B2","9B2","21","mg/kg"
"QLDGovernment","ABS_70_1",0.1,0.2,"9G2","9G2","17","mg/kg"
"QLDGovernment","ABS_70_1",0.2,0.3,"10A1","10A1","0.0300","%"
"QLDGovernment","ABS_70_1",0.2,0.3,"15C1_Ca",NA,"14","None"
"QLDGovernment","ABS_70_1",0.2,0.3,"15C1_CEC","15C1_CEC","15","meq/100g"
"QLDGovernment","ABS_70_1",0.2,0.3,"15C1_K","15C1_K","0.3800","meq/100g"
"QLDGovernment","ABS_70_1",0.2,0.3,"15C1_Mg",NA,"3.9000","None"
"QLDGovernment","ABS_70_1",0.2,0.3,"15C1_Na",NA,"0.3400","None"
"QLDGovernment","ABS_70_1",0.2,0.3,"17A1","17A1","1.2800","%"
"QLDGovernment","ABS_70_1",0.2,0.3,"2A1","2A1","3.2000","%"
"QLDGovernment","ABS_70_1",0.2,0.3,"2E1","2E1","12","NA"
"QLDGovernment","ABS_70_1",0.2,0.3,"2E2","2E2","22","NA"
"QLDGovernment","ABS_70_1",0.2,0.3,"2Z2_Clay","2Z2_Clay","36","%"
"QLDGovernment","ABS_70_1",0.2,0.3,"2Z2_CS","2Z2_CS","12","%"
"QLDGovernment","ABS_70_1",0.2,0.3,"2Z2_FS","2Z2_FS","43","%"
"QLDGovernment","ABS_70_1",0.2,0.3,"2Z2_Silt","2Z2_Silt","11","%"
"QLDGovernment","ABS_70_1",0.2,0.3,"2Z2_sum",NA,"102","None"
"QLDGovernment","ABS_70_1",0.2,0.3,"3A1","3A1","0.0500","dS/m"
"QLDGovernment","ABS_70_1",0.2,0.3,"4A1","4A1","7.6000","NA"
"QLDGovernment","ABS_70_1",0.2,0.3,"5A2","5A2","20","mg/kg"
"QLDGovernment","ABS_70_1",0.2,0.3,"9A1","9A1","0.0750","%"
"QLDGovernment","ABS_70_1",0.5,0.6,"10A1","10A1","0.0100","%"
"QLDGovernment","ABS_70_1",0.5,0.6,"15C1_Ca",NA,"15","None"
"QLDGovernment","ABS_70_1",0.5,0.6,"15C1_CEC","15C1_CEC","24","meq/100g"
"QLDGovernment","ABS_70_1",0.5,0.6,"15C1_K","15C1_K","0.2000","meq/100g"
"QLDGovernment","ABS_70_1",0.5,0.6,"15C1_Mg",NA,"9.8000","None"
"QLDGovernment","ABS_70_1",0.5,0.6,"15C1_Na",NA,"1.1000","None"
"QLDGovernment","ABS_70_1",0.5,0.6,"17A1","17A1","1.5500","%"
"QLDGovernment","ABS_70_1",0.5,0.6,"2A1","2A1","4.7000","%"
"QLDGovernment","ABS_70_1",0.5,0.6,"2E1","2E1","16","NA"
"QLDGovernment","ABS_70_1",0.5,0.6,"2E2","2E2","29","NA"
"QLDGovernment","ABS_70_1",0.5,0.6,"2Z2_Clay","2Z2_Clay","47","%"
"QLDGovernment","ABS_70_1",0.5,0.6,"2Z2_CS","2Z2_CS","9","%"
"QLDGovernment","ABS_70_1",0.5,0.6,"2Z2_FS","2Z2_FS","34","%"
"QLDGovernment","ABS_70_1",0.5,0.6,"2Z2_Silt","2Z2_Silt","11","%"
"QLDGovernment","ABS_70_1",0.5,0.6,"2Z2_sum",NA,"101","None"
"QLDGovernment","ABS_70_1",0.5,0.6,"3A1","3A1","0.1300","dS/m"
"QLDGovernment","ABS_70_1",0.5,0.6,"4A1","4A1","8.8000","NA"
"QLDGovernment","ABS_70_1",0.5,0.6,"5A2","5A2","20","mg/kg"
"QLDGovernment","ABS_70_1",0.5,0.6,"9A1","9A1","0.0190","%"
